微博id,微博发布时间,发布人账号,微博中文内容,微博图片,微博视频
4.45607E+15,01月01日 23:59,Dear_Christin,2020年第一天，宝宝晚上发烧了。上个月的肺炎经历还历历在目，不觉又开始揪心。目前低烧安稳睡觉中，告诉自己勿要着急。为了缓解情绪刚才又翻了一遍裴医生的文章，作为母亲真不知需要经历多少煎熬才可以挺到孩子完善免疫力的那一天。新年最大的愿望唯有一家人平安健康尔。?,[],[]
4.45607E+15,01月01日 23:38,Maggie大美Y,生病发烧一直就没好～就当预示着2020年是个风风火火的好好好运年～新年第一天有肉吃，以后天天有肉吃?,"['https://ww1.sinaimg.cn/orj360/006TMJgaly1gahhj4bmkcj32801o0u0y.jpg', 'https://ww4.sinaimg.cn/thumb150/006TMJgaly1gahhj59j57j32801o0qv6.jpg', 'https://ww4.sinaimg.cn/thumb150/006TMJgaly1gahhj3cctkj32801o07wj.jpg']",[]
4.45607E+15,01月01日 23:34,折眉几年,害新年第一天就发烧????,[],[]
4.45606E+15,01月01日 23:20,秃头少女Brushblog,是心动啊，糟糕眼神躲不掉。对你莫名的心跳，竟然停不了对你的迷恋感觉要发烧。@namjoohyuk_official,['https://wx3.sinaimg.cn/orj480/63becc16gy1g7vd28prcbj20hs0a1q4w.jpg'],"['https://f.video.weibocdn.com/0009osQVlx07xJgl0r8c010412002xv30E010.mp4?label=mp4_ld&template=360x360.27.0&trans_finger=7089b9ffffc5ab0ecc5039185e3deac9&Expires=1582139657&ssig=RiUIGROFvQ&KID=unistore,video']"
4.45606E+15,01月01日 23:03,Akemi庄蝶,过去的一整年有好好喜欢你。不过今年不可以啦，毕竟，可不能连自己都不要了。跨年给你打电话，听到听筒里远远传来你男朋友和你嬉笑的声音。想起不久前你和你男朋友冷战时，你坚决地说你要和他分手。我站在楼道的窗口前听电话，发烧时周身冷热交替，笑容有多讽刺。有人问你粥可温，真好。?,[],[]
4.45606E+15,01月01日 22:59,那丝苦笑,2020请对我好点，第一天就感冒发烧…………?,['https://ww4.sinaimg.cn/orj360/005z0LGsly1gahgfvd6lkj300500504c.jpg'],[]
4.45606E+15,01月01日 22:43,我是木子_,一月一号哈哈哈哈哈哈我要笑死了新年新气象兔兔不乖所以发烧了去诊所路上她看到有qq糖??想吃我着急带她看病就先没买原来她这么big一人居然害怕打针一直对我撒娇好不容易安慰好她医生才顺利给她扎了针为了安慰她去给她买了qq糖冲泡奶茶怕针管里的药水太凉拿了暖宝宝粘在管子边上后来?展开全文c,"['https://ww3.sinaimg.cn/orj360/007EgizUly1gahfiivn01j32c02c07uz.jpg', 'https://ww1.sinaimg.cn/orj360/007EgizUly1gahfh9qk0zj32c02c0b2a.jpg', 'https://ww1.sinaimg.cn/thumb150/007EgizUly1gahfiasz92j30yi1d2hbp.jpg', 'https://ww4.sinaimg.cn/thumb150/007EgizUly1gahfi8ku6ej32c02c0hdu.jpg', 'https://ww3.sinaimg.cn/thumb150/007EgizUly1gahfhzla7bj32c02c07wh.jpg', 'https://ww2.sinaimg.cn/thumb150/007EgizUly1gahft0oy0lj30yi0nmqae.jpg', 'https://ww4.sinaimg.cn/orj360/007EgizUly1gahfo3puozj32c0340b29.jpg', 'https://ww2.sinaimg.cn/thumb150/007EgizUly1gahfo88jcfj32c02c07wi.jpg', 'https://ww3.sinaimg.cn/thumb150/007EgizUly1gahftc1936j30tu0tunfw.jpg']",[]
4.45607E+15,01月01日 23:48,Karin卡小姐,2020的第一天是这样的感冒发烧流鼻涕2厦门?,['https://ww2.sinaimg.cn/orj360/8d5c0822gy1gahhujf7ixj20wq0g1juu.jpg'],[]
4.45607E+15,01月01日 23:47,冰枫夏青85,我发烧我胃痛你在乎吗我通宵我失踪你在乎吗我难过我不安你在乎吗我委屈我心痛你在乎吗，我爱你你在乎?,[],[]
4.45607E+15,01月01日 23:43,19岁少年想学广场舞,20.1.1发烧，一个晚上没睡好，早上起来就去诊所看了一下，晚上写作业，明天又有考试?,[],[]
4.45607E+15,01月01日 23:37,kammy_adu,好棒！第一天衣服穿太少，加上妹纸的助攻，哈哈发烧了?,['https://ww3.sinaimg.cn/orj360/7245bad9gy1gahhhvbw3oj20c40hhmyh.jpg'],[]
4.45607E+15,01月01日 23:58,辣椒扭腰客,当时被称作未来的那个年份真的来了。一岁半的葫芦正发烧39度睡的不安稳；我在看买了许久都没看的正说清朝十二帝，盼着过年。//@雨乔乔雨:……,"['https://ww3.sinaimg.cn/thumb150/61e7f4aajw1enykpko7omj20c80lpjtt.jpg', 'https://ww3.sinaimg.cn/thumb150/61e7f4aajw1enyk222g7oj20hs2bc4kn.jpg', 'https://ww3.sinaimg.cn/thumb150/61e7f4aajw1enyk22uh4cj20hs0vkwle.jpg', 'https://ww1.sinaimg.cn/thumb150/61e7f4aajw1enyk23j5zhj20hs0vk45q.jpg', 'https://ww2.sinaimg.cn/thumb150/61e7f4aajw1enyk24h00mj20hs1e014z.jpg', 'https://ww1.sinaimg.cn/thumb150/61e7f4aajw1enyk253ovrj20hs1e0ds9.jpg', 'https://ww4.sinaimg.cn/thumb150/61e7f4aajw1enyk25m7dtj20hs0vkjyd.jpg', 'https://ww3.sinaimg.cn/thumb150/61e7f4aajw1enyk26bb45j20hs0vkagt.jpg', 'https://ww4.sinaimg.cn/thumb150/61e7f4aajw1enyk26znffj20hs0vkwlm.jpg']",[]
4.45607E+15,01月01日 23:53,LilySaysno,人生谨言：发烧不要出门，出门不吹风，吃饭不喝酒元旦第一天我躺在床上活像一枚濒死的王八?,[],[]
4.45606E+15,01月01日 23:21,蓝亭LT,#新年心愿#以前去鼓山只知道爬步道，今日才知道原来涌泉寺内别有洞天下山时分正好碰上眺望台的日落，旁边有小朋友在吹泡泡，隔壁的小姐姐还一直在喊“小朋友，多吹点多吹点”于是我也趁机拍下图五美丽的一幕@福州那点事儿@福州市文化和旅游局@福州摄影发烧友@随手拍福州?展开全文c,"['https://ww1.sinaimg.cn/thumb150/8b09c64fgy1gahgly5jzrj22tc2404qq.jpg', 'https://ww3.sinaimg.cn/thumb150/8b09c64fgy1gahglzoaofj22tc240x6p.jpg', 'https://ww4.sinaimg.cn/thumb150/8b09c64fgy1gahgm19ms3j22tc240e82.jpg', 'https://ww1.sinaimg.cn/thumb150/8b09c64fgy1gahglwjyk2j22tc240u0y.jpg', 'https://ww4.sinaimg.cn/thumb150/8b09c64fgy1gahgltofc8j22tc2407wh.jpg', 'https://ww1.sinaimg.cn/thumb150/8b09c64fgy1gahgm617wfj23k02o0hdw.jpg', 'https://ww4.sinaimg.cn/thumb150/8b09c64fgy1gahgm7nhn1j22tc2407wi.jpg', 'https://ww2.sinaimg.cn/thumb150/8b09c64fgy1gahglv2j4wj22tc240kjm.jpg', 'https://ww4.sinaimg.cn/thumb150/8b09c64fgy1gahgm96q7lj22tc240kjm.jpg']",[]
4.45606E+15,01月01日 23:10,救助急性髓系白血病小名义,救助急性髓系白血病名义#救助急性髓系白血病名义#小名义爱心渠道??:O温馨提示今天是名义宝贝进仓的第十三天，今天早上烧了，后面退烧了，到这会没在烧了，胃口也是不好，吃不下东西，因为吃太多种类的药，每天每餐都要灌??，现在名义喉咙粘膜出血，之前几天?展开全文c,['https://wx3.sinaimg.cn/orj480/eb3aa523gy1gahgrwls7pj20k00zkjsk.jpg'],"['https://f.video.weibocdn.com/003rsyNbgx07zP5vKKJF010412003O7t0E010.mp4?label=mp4_ld&template=360x640.24.0&trans_finger=81b11b8c5ffb62d33ceb3244bdd17e7b&Expires=1582139657&ssig=jYJ83FHNQh&KID=unistore,video']"
4.45606E+15,01月01日 23:04,千千是無敵可愛的小寶貝,2020我来啦1.1今天有好有坏，发烧啦生病啦，新年第一烧染了个头发，自我感觉还不错，平平淡淡又不平淡，本来说着今天要出去玩，结果啊生病在宿舍待了一天不想对妈咪说，快回家了，怕她担心，很喜欢我那个同学，被人关心的感觉，真好2020希望自已想要的东西都可以自己努力得到Fighting！?,"['https://ww1.sinaimg.cn/thumb150/006bERtEgy1gahghofy5aj30u00u0hd5.jpg', 'https://ww1.sinaimg.cn/thumb150/006bERtEgy1gahghrj6x7j30u00u04mc.jpg', 'https://ww1.sinaimg.cn/thumb150/006bERtEgy1gahghu7fcrj30u00u01e0.jpg']",[]
4.45606E+15,01月01日 23:03,小小少年_杨好好,杨好好第2013天，小可怜发烧了～?,['https://ww2.sinaimg.cn/orj360/a890060cgy1gahgk9ofw4j20u01hc7cl.jpg'],[]
4.45606E+15,01月01日 22:49,故事要结束了吗,累死了，飞了一整天，还感冒发烧不过对今天的打扮还是很满意2张掖·临泽七彩宾馆?,"['https://ww3.sinaimg.cn/thumb150/006g3V0cgy1gahfzkekn9j316o1kwqpo.jpg', 'https://ww2.sinaimg.cn/thumb150/006g3V0cgy1gahfzjd92kj316o16otzn.jpg', 'https://ww4.sinaimg.cn/thumb150/006g3V0cgy1gahg4d8ew3j30ex0srne6.jpg']",[]
4.45607E+15,01月01日 23:35,ltt1218,流感是真的吗，室友发烧了，我感冒了?,[],[]
4.45607E+15,01月01日 23:33,葵花籽微笑,今天下午7点过发烧。医生说2g布洛芬太多了，只能吃1g多，刚刚量37.2，比昨天好点了，昨天前天是凌晨发烧一次，下午4.5点过一次。今天是7点过。但愿凌晨不要发烧了。。然而咳嗽好像又加重了！！真的要崩溃了。希望快点好起来吧。。2重庆?,[],[]
4.45607E+15,01月01日 23:32,永不言弃2019,rng生病发烧，新年第一天要结束了，突然想起中午吃的还是去年的剩饭……我太难了……?,[],[]
4.45606E+15,01月01日 23:08,张Inferior,2020第一天，吃了一顿饭，晚上开始发烧我能怪谁呢?,[],[]
4.45606E+15,01月01日 23:08,你是不是又长胖了,新年第一天，羽哥感冒发烧，我全脸过敏，请求财神把我从黑名单拉出来，衰神穷神拉黑我吧?,['https://ww1.sinaimg.cn/orj360/a12829d1ly1gahgowqui1j20k0140q8b.jpg'],[]
4.45607E+15,01月01日 23:46,宮脇肥丸,打开电脑要搬砖结果摸鱼了4个小时摸到头痛发烧……只好啥也没干关机困告体感明天又是通宵?,[],[]
4.45607E+15,01月01日 23:44,米兰艳阳照我心,记玻璃心的小暖男。头天晚上胖达一直不睡觉妈妈想出去，他不干。我说妈妈也得喝水呀。他马上推我出去喝水（不过只放我自由一小会儿很快就召唤我回来陪他了），知道要照顾妈妈的感受了，妈妈心里很暖。凌晨的时候，胖达翻来覆去，在我跟前滚来滚去。我以为他是例行的凌晨清醒了，找睡觉姿势呢。结果忽?展开全文c,[],[]
4.45607E+15,01月01日 23:40,胖虎不起床,最近发烧烧的已经有经验了玩游戏一直头疼我就知道又烧起来了?,[],[]
4.45606E+15,01月01日 22:53,东方之侑,//@张有为:古典音乐发烧友今年的指挥是新面孔，乐曲处理很棒，现场气氛也被他调动的非常好。,['https://wx1.sinaimg.cn/large/ed100bddly1gaheclnshoj20rs0fr40q.jpg'],"['https://f.video.weibocdn.com/000EUIlvlx07zOZP5xSw01041200z99r0E010.mp4?label=mp4_ld&template=632x360.25.0&trans_finger=40a32e8439c5409a63ccf853562a60ef&Expires=1582139657&ssig=qL3hFC8l9U&KID=unistore,video']"
4.45606E+15,01月01日 22:48,今天您吃什么呀,一边发烧一边泡面我果然不是粥能养活的凡夫俗子?????,['https://ww1.sinaimg.cn/orj360/866b2bb1ly1gahg21wivtj20tr0s7qst.jpg'],[]
4.45605E+15,01月01日 22:41,妈妈嫌我昵称长,不停走，不停走累到要发烧了2澳门特区·澳门理工学院?,[],[]
4.45607E+15,01月01日 23:39,啊李李李李居然,而且这是我第一次肚子这么难受跟我上次第一次发烧到觉得电脑键盘都敲不动一样让我有一点点点点惊奇我可能有点毛病_(:з」∠)_?,[],[]
4.45607E+15,01月01日 23:39,混世魔猪猪,又发烧了。。。崩溃啊?,[],[]
4.45607E+15,01月01日 23:30,快饶了我吧_,2020第一天，早上四点多去吃饭，喝到上午九点半，常温的啤酒齁凉，闹了一天肚子，现在在上班，有点发烧?,['https://ww2.sinaimg.cn/orj360/007C54C5ly1gahhcmjou3j30j60j8t9t.jpg'],[]
4.45607E+15,01月01日 23:30,可怜高三狗,2019的最后一天遇见了心动的男孩子2020的第一天我发烧了?,[],[]
4.45607E+15,01月01日 23:56,黑面小野人,小时候觉得离自己很远的#2020#年到了。早上醒来发现家里没人，妹妹去朋友家过生日，爸妈不知道去哪里了，我也没问。闲着无聊把衣服和狗的东西全洗了差点又累到发烧（澄清：衣服是洗衣机洗，扫地拖地是吉吉二号做的。没办法，我身子就是弱），幸好睡了个沉沉的午觉。虽然没有倒数没有祝福也没人?展开全文c,['https://ww1.sinaimg.cn/orj360/006Z2V4Cgy1gahi3fka3uj33402c01kz.jpg'],[]
4.45607E+15,01月01日 23:49,sylvielau-,没想到元旦+生日=发烧????,[],[]
4.45607E+15,01月01日 23:42,ZA-Zheng,29日晚上到达4小时后开始发烧，30日下午晚上各去了一次医院，吃了三顿白粥，烧了两晚38.4℃终于退了，不过还是一直拉肚子，31日到峡江姑姑嫁女宴，一桌菜都没胃口，不过还是吃了一些，于是继续拉继续吃药。1号送表妹出嫁，基本就吃点青菜和米饭，1点半出发10点50到，苦逼得很。根本不想再开车回江西了?展开全文c,"['https://ww3.sinaimg.cn/thumb150/7cd112e4gy1gahhgex7adj20u0140434.jpg', 'https://ww3.sinaimg.cn/thumb150/7cd112e4gy1gahhgihzonj21400u0ait.jpg', 'https://ww4.sinaimg.cn/thumb150/7cd112e4gy1gahhgl17goj21400u043v.jpg', 'https://ww1.sinaimg.cn/thumb150/7cd112e4gy1gahhgnumylj21400u0gs3.jpg', 'https://ww3.sinaimg.cn/orj360/7cd112e4gy1gahhgqd7h7j21400u043t.jpg', 'https://ww1.sinaimg.cn/thumb150/7cd112e4gy1gahhgspc03j20u0140439.jpg', 'https://ww3.sinaimg.cn/orj360/7cd112e4gy1gahhguk55ij21400u0gpo.jpg', 'https://ww1.sinaimg.cn/thumb150/7cd112e4gy1gahhgxtn1wj20u0140tfp.jpg']",[]
4.45607E+15,01月01日 23:40,蟹谢蟹,2020注定是不平凡的一年，第一天发烧，第二天肠胃炎，只能祈求神秘力量佑我平安,"['https://ww1.sinaimg.cn/thumb150/007bbu1Lgy1gafy896frbj31400u0117.jpg', 'https://ww4.sinaimg.cn/thumb150/007bbu1Lgy1gafy89ra2yj31400u0wr1.jpg', 'https://ww1.sinaimg.cn/thumb150/007bbu1Lgy1gafy896fdmj313c0u0do7.jpg']",[]
4.45607E+15,01月01日 23:55,磨砚,发烧背书中……?????????????????????,[],[]
4.45607E+15,01月01日 23:55,木子君025,2020的第一天，在家陪发烧的宝宝渡过，今年的愿望是希望宝宝健健康康，平平安安，快高快大！?,[],[]
4.45607E+15,01月01日 23:54,花木本心,#为了生活更美好&求学记#熊孩子发烧第二天，今晚一边写作业一边哭，我问他有什么小心愿，写完作业妈妈可以帮兑现……他说，希望明天不要去上学。老娘满腔怒火瞬间勇气，但不得不耗费十分元气，笑着跟他说，必须要上学，但你可以换个实物礼品。病中的小朋友很藐视的看了我一眼?展开全文c,['https://ww4.sinaimg.cn/orj360/76d479a9gy1gahi1k3fngj23402c0qv5.jpg'],[]
4.45607E+15,01月01日 23:46,Twinkling_NT,心累，2020年第一天发烧浑身都痛，太惨了我?,[],[]
4.45607E+15,01月01日 23:41,瘋子麗,元旦#2020新年快乐#柳州一日游好不容易发烧好了，又扁桃体发炎失声了2019年身上都是伤痕留下伤疤，2020年会更好！越来越好加油(???_??)?晚饭老爸第一暗语明示的对我说“你还抓紧干嘛”2柳州?,"['https://ww3.sinaimg.cn/orj360/8dd59161gy1gahhnf0u8pj21400u0gt6.jpg', 'https://ww1.sinaimg.cn/thumb150/8dd59161gy1gahhn31pkgj21400u0gph.jpg']",[]
4.45607E+15,01月01日 23:29,我再也开心不起来了,新年第一天小??发烧了2靖西?,[],[]
4.45606E+15,01月01日 23:18,一个亭子_,太难了2020年的第一天我下午难受他晚上发烧?,[],[]
4.45606E+15,01月01日 22:51,梅老师的外孙女,2020年的第一天，有点心累，宝宝第一次发烧，大头也发了几天烧。跑来跑去真的心好累。?,[],[]
4.45604E+15,01月01日 21:38,宅腐酱油饭安娜,2??0??2??0??匆忙出行，没有穿运动鞋，没有带三脚架，只带了一瓶水。全程走了快两个钟头，脚残了，全程手持拍瀑布，手废了，真是快乐的一天啊。出景区大门，迎面遇到穿着钓鱼马甲挂着佳能单反的的摄影发烧友大爷给我打招呼：“唉呀，那个好看吗，好看吗”；我一脸茫然：“什么好看”。“瀑?展开全文c,"['https://ww4.sinaimg.cn/thumb150/935dc258gy1gahe3ktakxj21400u0k4t.jpg', 'https://ww2.sinaimg.cn/orj360/935dc258gy1gahe3mplexj218x0u0jy1.jpg', 'https://ww2.sinaimg.cn/thumb150/935dc258gy1gahe3nwxsdj218x0u0qht.jpg', 'https://ww4.sinaimg.cn/thumb150/935dc258gy1gahe3pld2rj218x0u015i.jpg', 'https://ww1.sinaimg.cn/orj360/935dc258gy1gahe3qmzyuj21890u0qfu.jpg', 'https://ww4.sinaimg.cn/thumb150/935dc258gy1gahe3s39poj218x0u0tkg.jpg']",[]
4.45603E+15,01月01日 21:09,一只傻兔砸,新年第一天就感冒了还发烧去输液结果诊所说明天才能输打了两针屁股痛死了?,[],[]
4.456E+15,01月01日 19:15,我是我是我还是我Wr,//@张思莱医师:回复@末未LiLi:什么积食上火呀然后严重发烧咳嗽。这都是错误概念。//@末未LiLi:回复@我不是骑兵:我家孩子积食必上火然后严重发烧咳嗽,[],[]
4.45598E+15,01月01日 17:42,橙视频News,【#2019年最后一单外卖#，有人给发烧的女儿买了个艾莎公主】2019年你点的最后一单外卖是什么？跟随外卖女骑士周莉娟，我们走进了许多人最后一晚的工作和生活。有女儿给妈妈点了奶茶，也有初为人父的90后男生为了哄发烧的女儿买了艾莎公主。2019年的最后一单外卖，你点了什么？你又有什么新年愿望呢？?展开全文c,['https://imgaliyuncdn.miaopai.com/images/69Zc2fv5NW7EZlzlJEZjOBWPHyoFsjFFM679pA___MEBN_4.jpg'],"['https://miaopai.video.weibocdn.com/002cySP7lx07zODKzpy801041200DFjg0E013.mp4?label=mp4_ld&template=640x360.25.0&trans_finger=40a32e8439c5409a63ccf853562a60ef&Expires=1582139658&ssig=MAFqyurpiq&KID=unistore,video']"
4.45598E+15,01月01日 17:37,赵一刀刀,【#2019年最后一单外卖#，有人给发烧的女儿买了个艾莎公主】2019年你点的最后一单外卖是什么？跟随外卖女骑士周莉娟，我们走进了许多人最后一晚的工作和生活。有女儿给妈妈点了奶茶，也有初为人父的90后男生为了哄发烧的女儿买了艾莎公主。2019年的最后一单外卖，你点了什么？你又有什么新年愿望呢？?展开全文c,['https://imgaliyuncdn.miaopai.com/images/69Zc2fv5NW7EZlzlJEZjOBWPHyoFsjFFM679pA___MEBN_4.jpg'],"['https://miaopai.video.weibocdn.com/002cySP7lx07zODKzpy801041200DFjg0E013.mp4?label=mp4_ld&template=640x360.25.0&trans_finger=40a32e8439c5409a63ccf853562a60ef&Expires=1582139658&ssig=MAFqyurpiq&KID=unistore,video']"
4.45607E+15,01月01日 23:51,太阳沉没以后,新年新气象，小黄用感冒发烧迎接明晚的期末考试2南京·南京大学?,[],[]
4.45606E+15,01月01日 22:52,宇宙超级无敌倒霉蛋一枚,已经感冒发烧两天了！嗓子又干又痒！这几天的真实感受！2兰州?,['https://ww2.sinaimg.cn/orj360/005ALNN5ly1gahg78r4ujg30b40h4x6p.jpg'],[]
4.45607E+15,01月01日 23:47,喵喵鑫新,正正妈又发烧了，赶紧好起来吧????。?,"['https://ww2.sinaimg.cn/thumb150/eac14a9aly1gahhsj83h1j20u0140aef.jpg', 'https://ww4.sinaimg.cn/thumb150/eac14a9aly1gahhsjfkkqj20u014044z.jpg', 'https://ww1.sinaimg.cn/thumb150/eac14a9aly1gahhsixx4gj20u0140wkv.jpg', 'https://ww2.sinaimg.cn/thumb150/eac14a9aly1gahhskg42pj22bc3341kz.jpg']",[]
4.45604E+15,01月01日 21:49,高宫哲,#新年心愿#2019过去了，2020到来了，发烧的我依旧不开心。2平凉·庄浪县?,"['https://ww1.sinaimg.cn/thumb150/0072dQOVly1gaheeivl2hj30u00u0am2.jpg', 'https://ww2.sinaimg.cn/thumb150/0072dQOVly1gahef89yjij30u019078m.jpg']",[]
4.45603E+15,01月01日 21:11,Lazy_Chin,2020年的第一天，在发烧感冒中度过。怕传染给我的小姑娘，都没咋抱她。辛苦公公婆婆，要带小姑娘，还要操心这么大的个人。虽然迷糊难受了一天，但是晚上吃到了热乎乎的涮羊肉跟冰丝丝的软儿果，也满福了。新的一年，愿日子如熹光，温柔又安详。爱的人，都喜乐如常。盼的事，都归于心上。你好，202?展开全文c,['https://ww4.sinaimg.cn/orj360/72475cefly1gahdan7ol0j2242340kjm.jpg'],[]
4.45603E+15,01月01日 21:00,菲是木子李的尔,新年第一天发烧我真棒?,['https://ww1.sinaimg.cn/orj360/eb1d67d5ly1gahd046wufj20u00u0jx1.jpg'],[]
4.45607E+15,01月01日 23:39,齐齐齐齐齐小丫,木鱼今天发烧了??...不止一个人难，大家其实都很难...所以，新的一年啦，请停止抱怨吧齐小丫...希望你可以真的面对你自己，让自己更好...?,[],[]
4.45607E+15,01月01日 23:37,鹿仔发,新年的第一天，以疑似发烧开始，此时我已经量了快十遍了，37.1度，希望是我多虑了?,[],[]
4.45607E+15,01月01日 23:27,口袋拜金C,最近一周肺炎腮腺炎发烧过敏好在，我挺过来了?,"['https://ww4.sinaimg.cn/thumb150/005tv6Hmly1gahh84r6e4j32402tcb2b.jpg', 'https://ww3.sinaimg.cn/thumb150/005tv6Hmly1gahh856aypj30fi0cz0t8.jpg', 'https://ww4.sinaimg.cn/thumb150/005tv6Hmly1gahh85mprcj306o06oglg.jpg', 'https://ww4.sinaimg.cn/thumb150/005tv6Hmly1gahh85x7gaj30u00u0tb3.jpg', 'https://ww2.sinaimg.cn/thumb150/005tv6Hmly1gahh86e4a2j30u0140n36.jpg', 'https://ww3.sinaimg.cn/thumb150/005tv6Hmly1gahh86pyk0j31400u079u.jpg']",[]
4.45607E+15,01月01日 23:26,顽子丸子没樱桃,新年第一天，孩子发烧了是不是预示今年红红火火恍恍惚惚?,['https://ww2.sinaimg.cn/orj360/6712d0fdly1gahh6ncpksj20u0140e81.jpg'],[]
4.45602E+15,01月01日 20:28,_Skm小沈不是柠檬精u,回家第一天发烧我太快乐了?,[],[]
4.456E+15,01月01日 18:57,铁杆中医李玉强,第一条：太阳之为病，脉浮、头项强痛而恶寒。临证理解1：太阳病最常见的症状是：脉浮，头项强痛而且伴恶寒。临证理解2：如果一个人头项强痛，并且恶寒，脉浮，说明太阳系统病了。临证理解3：太阳体质的人感受外邪后，常出现脉浮，头项强痛，并且恶寒。困惑：传统注解皆谓此条为太阳病提纲。本人?展开全文c,[],[]
4.456E+15,01月01日 18:52,我de蓝胖子吖,感冒发烧??鼻涕一把泪一把头重脚轻这就是新年第一天?,['https://ww2.sinaimg.cn/orj360/005Ivmayly1gah99wmff7j30d007a0u5.jpg'],[]
4.45607E+15,01月01日 23:25,清风的光亮,我还是无所事事的样子却是在路过许多的世界大城市的拥挤繁华地段的老旧民居黑漆漆的走廊没有想象中的富丽堂皇只要有现代人生活的地方就会有垃圾产生在某种程度上来说现代人就是制造垃圾的机器脸上一直在发烧今天是第二天呢那位同事带我去保安室休息取暖有雪花电视看不清频道?展开全文c,"['https://ww1.sinaimg.cn/thumb150/006ybvFuly1gahh7gs30gj32eo37k4q0.jpg', 'https://ww4.sinaimg.cn/thumb150/006ybvFuly1gahh7irrd8j337k2eokjm.jpg']",[]
4.45607E+15,01月01日 23:22,迷糊的w小姐,"一个舍友确诊甲流，两个舍友疑似，我的安全岌岌可危，周日就是考试了，emmmm,我可不想缓考，保佑我不要发烧！！！?","['https://ww3.sinaimg.cn/thumb150/b10c1bc2ly1gafzkf3n4yg206o06otem.jpg', 'https://ww3.sinaimg.cn/thumb150/a6af2955ly1fvb3jmzmrpg206v06vq4t.jpg', 'https://ww1.sinaimg.cn/thumb150/a6af2955ly1fvb3jn18a2g2082082qc6.jpg']",[]
4.45606E+15,01月01日 23:19,是王甜甜诶,…我好像要发烧了?,[],[]
4.45606E+15,01月01日 23:13,DONGNAN0122,2020年第一天儿子发烧我也感冒了?,[],[]
4.45605E+15,01月01日 22:12,肆溢妄为_,//@·飛行島嶼·:他们年少相识一起成长一起出道互相照顾经历了我看不到的岁月和曲折发烧感冒不是你第一时间知道快乐喜悦不是和你第一时间分享我算什么你又算什么有什么资格去点评他们的感情,"['https://ww3.sinaimg.cn/thumb150/913d36c3gy1gah33rk4p6j20hs0mrjtn.jpg', 'https://ww3.sinaimg.cn/orj360/913d36c3gy1gah2wewr7jj20sg0sgwht.jpg', 'https://ww1.sinaimg.cn/orj360/913d36c3gy1gah2wdup3kj20sg0sgtbn.jpg']",[]
4.45605E+15,01月01日 22:05,哈琳Mars,华晨宇2020年的第一天就发烧，连我自己都佩服我自己?,[],[]
4.45604E+15,01月01日 22:00,w张土土w谆,国胖操作太骚了世锦赛团体0～3输给苏女士人家影后都说自己发烧了你们决赛还派她上场干嘛你们要害死她吗？还是影后是演戏？发烧是输球最后一块遮羞布?,['https://ww4.sinaimg.cn/orj360/be8ee6f8gy1gaheouc9h4j21kw16o7mi.jpg'],[]
4.45604E+15,01月01日 21:58,小耳朵77呀,2019年有很多值得纪念的事情，比如我们的婚礼，第一次去你老家，我辞职开始创业，在2019的最后一天有了属于我们自己的??，为这一年画上圆满的句号。今天是2020年的第一天，你发烧了，还好今天我们都休息，看着你疲惫的脸，只希望2020年，我们都可以平安健康，一点一点去完成新的目标。?展开全文c,[],[]
4.45603E+15,01月01日 21:06,火山火山你好呀,小吴睡醒啦要开始骂湖南卫视了我要是一开始就是花380买的位置就忍了我花一千多买了个山顶？然后人看不见声音听不清屏幕还小还不如我看直播的？山顶风呼呼的吹小吴本来就因为最近忙没睡好坐那就开始头疼一度害怕看完发烧官方黄牛真的恶心节目无聊简直是电视推销节目我真的第一次在演唱会现?展开全文c,[],[]
4.456E+15,01月01日 19:21,用户7318371928,刚才奶奶打电话来说，椰娃有点发烧了。这娃遗传到我的，只要一受凉，就会立马扁桃体发炎，伴随着就会开始发烧。唉，昨晚胖爸回来了，睡在床上盖厚的毛毛被，椰娃热，晚上多次的踢掉身上的被子，肚皮露在外面，还有二条长腿，能不着凉吗？教奶奶喂咽扁颗粒+消炎药喂给椰娃吃，再贴个退热贴。千?展开全文c,[],[]
4.45598E+15,01月01日 17:27,张美小狗在努力,然后去买水问人家有没有热水，人家说你发烧吗，我说我没感冒是喊的，人家说看来是很开心，然后旁边小姐姐说我昨天的金嗓子没吃完给你一颗，哈哈哈哈人家有真情在,[],[]
4.45597E+15,01月01日 16:52,空巢老赫兹,新年第一年我就发烧，好快乐???,['https://ww1.sinaimg.cn/orj360/006qeun9gy1gah5ubrrauj302c026jr6.jpg'],[]
4.45606E+15,01月01日 23:03,赛迪DsyDee,昨晚别人开开心心跨年，我因为感冒发烧痛苦过了一夜?,[],[]
4.45606E+15,01月01日 23:03,GuAnJiNg吖,新年刚开始竟然让我发烧嗓子爆炸疼我可太难了?,[],[]
4.45606E+15,01月01日 22:53,飞舞的鼻血i,2020以发烧开始…?,['https://ww1.sinaimg.cn/orj360/75a482d7ly1gahg9j0xxtj22c02c0qky.jpg'],[]
4.45605E+15,01月01日 22:37,娃斯基,新年新气象，热腾腾的元旦，早上起来就像枕着石头子儿睡了一宿，头昏脑胀，到了中午开始发烧，颈椎疼，肉皮疼，我儿子仿佛意识到敌方气焰比较低迷大显身手上窜下跳，强挺着把老张等回来了吃了药吃了饭到熄灯的前半小时终于感觉像个正常人烧也退了脑袋也不疼了，顿时感觉没病真他娘的好啊?,[],[]
4.45604E+15,01月01日 21:41,qilmeg其,2020年第一天是用发烧迎接的，考期就感冒了，身体素质不知道为什么这么差。但想想自己一直以来都很幸运啊，所以以后要好好的。刚喝着雪梨膏突然想到了一件很暖的事情。在初中的时候，因为咳嗽喝急支糖浆，味道不好咽不下去很难受，当晚上又要喝药的时候发现盒子里多了两个大白兔奶糖，真的特别感动啊，?展开全文c,[],[]
4.45604E+15,01月01日 21:41,表妹朵朵,2019年最后的几个星期，老天爷好像把我一年的水逆都集中这几天返给了我。工作上的阴差阳错竟然比电视剧还敢演，真是欲哭无泪。哥哥和妹妹一起生病，压倒了我最后一根稻草，说好去参加哥哥的联欢会，因为妹妹发烧没能去成，当我正在想怎么跟哥哥解释的时候，哥哥说：妈妈我自己可以。老母亲我无语凝?展开全文c,['https://ww2.sinaimg.cn/orj360/69ae99f8ly1gahdjzglafj20u0140tcs.jpg'],[]
4.45604E+15,01月01日 21:28,想吃草莓西瓜哈密瓜,本命年第一天就感冒发烧小时候爸妈逼着吃药，现在自己找药吃?,[],[]
4.45607E+15,01月01日 23:55,Resetme_,2020.1.1新年愿望身体健康(不要再发烧感冒)考研顺利(要坚持)开心自在平安可爱?,"['https://ww4.sinaimg.cn/thumb150/006SnBXkgy1gahi0dqaifj30qn0uyq64.jpg', 'https://ww4.sinaimg.cn/thumb150/006SnBXkgy1gahhvx7k0yj30qo0vbdgw.jpg', 'https://ww1.sinaimg.cn/thumb150/006SnBXkgy1gahhvwiqb3j30qj0wcq80.jpg']",[]
4.45607E+15,01月01日 23:51,喵爷七月,很好，我最怕的在总住院期间感冒这件事情真发生了，不过还好昨天发烧之后今天没有继续了#总是住在医院的我#?,[],[]
4.45607E+15,01月01日 23:47,小姐你男朋友掉了,"【宝宝发烧家长常犯的几个错误】1捂被发汗.正确做法是让孩子衣物宽松,和平时一样多就可以了,鼓励孩子多饮水.2盲目相信输液.能吃药不打针,能打针不输液,这是一个医学常识.3一发烧就服退热药:可能带来一些副作用.4酒精擦浴冷水擦拭降温.5服药困难要求肌肉注射退烧.?",['https://ww1.sinaimg.cn/orj360/b11d5a6fgy1gahhtzozrzj209k06et8u.jpg'],[]
4.45607E+15,01月01日 23:39,加了野牛草的伏特加,昨天中午就一路赶着回来见我哲和昶昶什么晚高峰巨大客流量真是让人焦急好容易晚上见到了问吃啥要干嘛都随便(我刀呢！)带着喝了杯茶颜走过了太平老街IFS两人被挤的一脸生无可恋哈哈哈寻思找个酒吧坐会吧害都是年轻人的聚会老人们只配抱着酒回宾馆中间还有一个人视频游戏就问你酒?展开全文c,['https://ww3.sinaimg.cn/orj360/006Ahy0tgy1gahhl46kwfj33bc1v54qr.jpg'],[]
4.45606E+15,01月01日 23:10,小小小小张小小小小,毕业后的每一年，奶妈都约我说来长沙玩，2019年终于来了，见了一面，还让奶妈排的队吃上的饭，光顾着拍菜，都没自拍，饭桌上还说起了大一那年的H1N1，下午就被风吹的发烧，说好的跨年都没一起，来了三天在酒店呆了两天，太多的遗憾啦，@韩梅梅小公子下次再约了！！！2020身体健康，吃嘛嘛香?展开全文c,['https://ww2.sinaimg.cn/orj360/7a46c913gy1gahgr4ul5ej20pq0itq5u.jpg'],[]
4.45606E+15,01月01日 22:58,柠檬棒棒冰-,发烧???38度的我，依旧精致2株洲?,"['https://ww1.sinaimg.cn/thumb150/007vFtABgy1gahgekz92lj30u00u0wna.jpg', 'https://ww3.sinaimg.cn/thumb150/007vFtABgy1gahgeiwq5lj30u00u0q8v.jpg', 'https://ww2.sinaimg.cn/thumb150/007vFtABgy1gahgemoobsj30u00u0wjs.jpg', 'https://ww2.sinaimg.cn/thumb150/007vFtABgy1gahgeolyjvj30u00u0gu4.jpg']",[]
4.45605E+15,01月01日 22:37,撒冷Selen,发烧发烧，太惨了，喉咙又痛，整个人太热了，像火炉一样，睡不着……?,[],[]
4.45605E+15,01月01日 22:35,A试药员招募,【北京连住3天7600】只要女生/无烟检，有胸片【药物】断金戒毒胶囊（中药成分）【补贴】7600元（6100元补贴+1500元依从性奖励）建行卡??要求如下：1）、年龄要求：19-40岁；2）、体重：体重指数BMI：19—27之间，男≥50KG，女≥45KG；3）、身体健康：无过敏史、手术史，?展开全文c,[],[]
4.45605E+15,01月01日 22:33,翟·钮祜禄·依萍,连续发烧第四天……从来没有感受过如此健康的作息时间，新的一年并没有很好的开始，这几天追星都llllllllllllb了，这几天是流行双人有个崭新的开始了嘛？被好几个眼熟的双了……还没双到我的可以加快一丢丢步伐，留下的人等我好了2020会加倍爱你[米奇比心]?,[],[]
4.45607E+15,01月01日 23:53,进阶的小汤圆,2020的第一天发烧，工作，录音录到呕吐被哮喘的噩梦笼罩难怪最近录音总是觉得会喘不上气被BOSS电话支配的恐惧被工作压得喘不上气做个问卷调查还显示我中度抑郁，中度焦虑，重度压力我心想我也就只是这最近状态有点不好这个有点扯吧不过症状全中，看来我确实要调整一下了愿大家都有个好身体2?展开全文c,['https://ww4.sinaimg.cn/orj360/005WEo6Ely1gahhzzchncj30cf1ee0w2.jpg'],[]
4.45607E+15,01月01日 23:51,绿春一曲离伤离人肠,爱情只是一时的发烧，退烧只后你会发显你我一无所有。?,[],[]
4.45607E+15,01月01日 23:38,韩潇涵H,我在岳云鹏超话等级达到LV.4，获得老发烧友头衔，老铁双击666，来岳云鹏与我畅聊吧！?,[],[]
4.45607E+15,01月01日 23:33,和我一起拍皮球vv,昨天晚上和发烧的范男朋友一起跨年脸颊红润的范太可爱了(??.??)（我知道很难受）～可是范踢被子，我不能忍受！太讨厌啦以后要买大床被好吗！！2020新年倒计时，我们一起等候新的一年的到来。对于未来，我们都要好好的生活，做最好的自己，谈最长久的恋爱，接最甜蜜的吻～bb爱你想把你?展开全文c,[],[]
4.45607E+15,01月01日 23:32,listen疯,2020年的第一天，叮当生病了这一次生病我不在身边，想起她以前生病时的模样，我难过和她视频全程我都忍住眼泪，不敢看屏幕，看着她发烧烧红的脸蛋，刚吃药哭过还有泪水的眼睛，她看到我没有哭着要妈妈，外婆说明天就好了，她还应和着用她软软的声音说好了，我更是难受，是她真的长大懂事了一些，还是?展开全文c,[],[]
4.45607E+15,01月01日 23:54,小萍的慵懒时光,2020的第一天，胖硕发烧了2020愿所有宝宝吃嘛嘛香，身体倍儿棒！愿所有人身体健康，平安喜乐！再见了2019，2020会更好～?,['https://ww1.sinaimg.cn/orj360/6c4c989egy1gahhztgzkbj22c0340kjl.jpg'],[]
4.45607E+15,01月01日 23:54,本是说时依旧,“我遇到过很多人。有人让我发烧，我以为那是爱情，结果烧坏了所有。有人让我发冷，从此消失在生命里。有人让我觉得温暖，但仅仅是温暖而已。只有你，让我的体温上升0.2摄氏度。”?,[],[]
4.45607E+15,01月01日 23:48,kenpy,我可能是个香菇精，我有空要买2斤香菇泡发烧肉一顿吃好！?,[],[]
4.45607E+15,01月01日 23:48,八一_喵喵,2020第一天本命年第一天发烧了但知足。有他有战友就够了以前啊总想要轰轰烈烈的爱情现在平淡就满足了。?,"['https://ww2.sinaimg.cn/thumb150/005ZGWm6ly1gahhszzxl6j31400u0n02.jpg', 'https://ww1.sinaimg.cn/orj360/005ZGWm6ly1gahhszkldcj31400u00wi.jpg']",[]
4.45607E+15,01月01日 23:46,My_Best_H,感冒发烧??好内疚?,[],[]
4.45607E+15,01月01日 23:41,致遇青春,现在是2020年的第一天十一点四十分我要看着我老大，不会发烧，不会咳嗽，夜里不会被噩梦惊醒，最委屈的一天我要看着它结束，将不会再来，有我在任何人都不可以让你流眼泪，受委屈。?,[],[]
4.45607E+15,01月01日 23:38,天好我就晒被子2015,2020年一月一日，天气晴。今天一天都是在医院度过，上午看医生已经虚到走不动道，下午输液输了六个小时，回来依然鼻塞，但是体温终于正常了，期待晚上不要发烧了。答应的陪女儿逛街和陪我妈买衣服都没能去成、元旦过的非常不好?,[],[]
4.45607E+15,01月01日 23:35,糖水小夢呆,2020年，注定要红红火火吧，七白人生第一次发烧如果没记错，七白人生第一次感冒是猪年春节，所以七白啊，这是你的特有的迎新方式么？?,[],[]
4.45607E+15,01月01日 23:28,许小桔,#新年心愿#昨晚满怀期望告别2019迎接2020今早发烧的发烧失声的失声胃疼的胃疼2020看来是要“渡劫”的一年?,['https://ww4.sinaimg.cn/orj360/504732f8gy1gahh8ekcs0j21o01o0e81.jpg'],[]
4.45607E+15,01月01日 23:40,给你一朵小花妹妹,2020新的一年，希望你锻炼身体，少感冒发烧就好，稍微长大一点稳重一点，而我要安排好计划做自己想做的事情，立的flag不能倒！?,[],[]
4.45607E+15,01月01日 23:37,明年今日啦啦,人在武汉，发烧了，慌的一匹。2武汉·中南财经政法大学弘博环湖学生公寓?,[],[]
4.45607E+15,01月01日 23:33,咸鱼小九月,2019年的最后一天你牵了我的手2020年的第一天你也牵了我的手第一次牵男孩子的手，有点紧张你说元旦礼物提前送出去了，今天重新送我一份，要把自己送给我，这个礼物我收下了，你以后都别想拿回去了今天发烧洗头，你不让我洗，我说，头发没长在你身上你不难受；你说，没长在我身上，但是长在我心上啊?展开全文c,[],[]
4.45607E+15,01月01日 23:33,Smorning·,2019最后一天发烧2020第一天嘴巴起泡是要干嘛?,['https://ww2.sinaimg.cn/orj360/006Uk8Qxly1gahgydcp9uj30go0gojso.jpg'],[]
4.45607E+15,01月01日 23:32,快乐小真,算是搞不成器了，我发烧了?,[],[]
4.45606E+15,01月01日 23:14,胖蛋蛋和毛球球,2020第一天，发烧无力冒冷汗我觉得这一年也不会好了，不过还是希望能做以前那个白白胖胖有胃口的憨憨。恶心的人不要再想，也不要再听。不对他人抱有希望，做个自私自利的小小人?,['https://ww3.sinaimg.cn/orj360/883c00c5gy1gahgvlorq3j20k00k00tg.jpg'],[]
4.45606E+15,01月01日 23:11,ecueil,《发烧》脑袋晕晕糊糊在叫嚣要和思念一起爬到你身上?,[],[]
4.45606E+15,01月01日 23:11,小娄子呀lalala,新年第一天在反复发烧中度过?,[],[]
4.45606E+15,01月01日 23:01,瓶砸儿,@忘发烧了额@羽飞V,['https://wx2.sinaimg.cn/large/a716fd45ly1gaey078p05j20ru0foq3v.jpg'],"['https://f.video.weibocdn.com/0005tZbylx07zLCJ8rjO010412006E780E010.mp4?label=mp4_ld&template=640x360.25.0&trans_finger=40a32e8439c5409a63ccf853562a60ef&Expires=1582139658&ssig=2IgMdfvAVA&KID=unistore,video']"
4.45607E+15,01月01日 23:47,梦中醉醉,"孩子发烧,退烧药怎么选?世界卫生组织推荐的儿童退烧药就这两种孩子发烧,退烧药怎么选?世界卫生组织推荐的儿童退烧药就这两种O网页链接?",['https://ww3.sinaimg.cn/orj360/893bb033ly1gahhtp8au1j20hs0bvjsd.jpg'],[]
4.45607E+15,01月01日 23:32,卿卿酱er,2020第一天，从发烧开始哦???,['https://ww3.sinaimg.cn/orj360/8d51d8e5ly1gahhedudvij20ty10c79d.jpg'],[]
4.45606E+15,01月01日 22:45,筑愿king,像个傻子，发烧的症状那么明显，上大学之后抵抗力不行了2019发了好几次烧照顾好自己吧酒肉朋友就OK?,[],[]
4.45605E+15,01月01日 22:41,BabyMoli,【2020.01.01】新年第一天，早晨带着宝贝打了狂犬疫苗的第二针，为了保养，担心在发烧，打完针去完超市回家，一天没有出门，家有小旋风，笑声不断，爸爸妈妈只愿你健康快乐长大……?,"['https://ww4.sinaimg.cn/thumb150/006PCdG5ly1gahfmuj2edj30u01400yv.jpg', 'https://ww1.sinaimg.cn/thumb150/006PCdG5ly1gahfmw2x37j30u0140gqg.jpg', 'https://ww3.sinaimg.cn/thumb150/006PCdG5ly1gahfmvir55j30u0140agv.jpg']",[]
4.45605E+15,01月01日 22:36,潜水的妮儿,2020年跨年……发烧39.5，感恩的是，早晨烧退了，还得到了小老鼠的礼物??，haha，郁闷为什么跨年会发烧，大概是旺旺旺吧～事业旺，身体旺，爱情旺～依然是那个不将就，追求纯粹的人愿望悄悄许…从养生开始…巴拉巴拉，还是祝大家元旦节快乐，小老鼠在这里给大家拜年了??展开全文c,"['https://ww2.sinaimg.cn/orj360/afc5da71ly1gahfna56cjj20qo1be77r.jpg', 'https://ww1.sinaimg.cn/thumb150/afc5da71ly1gahfnajkxyj20qo0w2dir.jpg', 'https://ww1.sinaimg.cn/orj360/afc5da71ly1gahfnauoo8j20zk0qoq8m.jpg']",[]
4.45605E+15,01月01日 22:34,熙熙伊伊妈咪GraceGuo,新年诗会上的熙熙，好美啊。昨天收到裙子后，她看了看：妈妈，为什么和我想象的不一样呢？我以为是白色纱裙或者是芭蕾舞裙那样的裙子，我觉得这个不漂亮～这次诗会主持人竞选时她发烧了，没去参加，略遗憾。希望明年的新年诗会她能挤进主持人行业，再一次突破自己。2呼和浩特?,"['https://ww1.sinaimg.cn/thumb150/6e4c2862ly1gahflh6pn2j22402tcu11.jpg', 'https://ww2.sinaimg.cn/thumb150/6e4c2862ly1gahflqcq2ej22402tc4qx.jpg', 'https://ww1.sinaimg.cn/orj360/6e4c2862ly1gahfm0kngpj22402tcu13.jpg', 'https://ww2.sinaimg.cn/thumb150/6e4c2862ly1gahfm9kc8cj22402tc1l4.jpg', 'https://ww2.sinaimg.cn/orj360/6e4c2862ly1gahfmev3dhj22402tcb2e.jpg', 'https://ww4.sinaimg.cn/thumb150/6e4c2862ly1gahfmllnkoj22402tcx6t.jpg']",[]
4.45605E+15,01月01日 22:32,用户徐老五,2020年1月1日加油??祈祷！新年的第一天陪同女儿与病魔抗战的第116天，早晨女儿睁开眼睛轻轻对我说的第一句话妈妈新年快乐！我的?都融化了，她开心我就高兴！女儿状态好我就不累??因为昨天终于结束了第六次化疗，每次进院各种检查，抽血，化验，化疗期间的每分每秒都想跳跃着过去，还是没逃?展开全文c,"['https://ww1.sinaimg.cn/thumb150/007ZHxu4gy1gahfiy4aw5j30ku0ks74v.jpg', 'https://ww2.sinaimg.cn/thumb150/007ZHxu4gy1gahfiypomnj30ku0ks750.jpg', 'https://ww3.sinaimg.cn/thumb150/007ZHxu4gy1gahfizhu0aj30ku0ks0tc.jpg', 'https://ww4.sinaimg.cn/thumb150/007ZHxu4gy1gahfix7lzcj30ku0kst9o.jpg', 'https://ww2.sinaimg.cn/thumb150/007ZHxu4gy1gahfjk4to0j31400u0q71.jpg', 'https://ww4.sinaimg.cn/thumb150/007ZHxu4gy1gahfiwbrsej30ku0ks74n.jpg', 'https://ww2.sinaimg.cn/thumb150/007ZHxu4gy1gahfivho2rj30ku0kuwfa.jpg', 'https://ww1.sinaimg.cn/thumb150/007ZHxu4gy1gahfiurq7vj30ku0kumxr.jpg', 'https://ww1.sinaimg.cn/orj360/007ZHxu4gy1gahfitzpaij30ku0kudgo.jpg']",[]
4.45604E+15,01月01日 21:53,布鲁千一,2019年就是怕挂科，失眠，发烧呗?,"['https://ww3.sinaimg.cn/thumb150/005LoO2aly1gaheicl2nzj30u01rc194.jpg', 'https://ww2.sinaimg.cn/thumb150/005LoO2aly1gaheidu6baj30u01rc7io.jpg', 'https://ww3.sinaimg.cn/thumb150/005LoO2aly1gaheieg0ypj30u01rcwvb.jpg']",[]
4.45604E+15,01月01日 21:30,叫我狗婧,跨年打麻将到凌晨五点，运气爆棚！！第二天开始发烧#hello一月#2赤峰?,['https://ww4.sinaimg.cn/orj360/0071aNZqly1gahdvb1m1vj30u00u0442.jpg'],[]
4.45603E+15,01月01日 21:12,雨倪亦是旻寒,发烧38度人差点傻了,['https://ww1.sinaimg.cn/orj360/006EjcVZly1gah6zt53plj30u010rak4.jpg'],[]
4.45607E+15,01月01日 23:32,安琪琪公举,#萌娃养成记#2020年1月1日，这真是让人难忘的日子，早上六点被我爸猛地一推门吓得从床上弹起来，我妈就在骂我，原来是昨晚手机关静音了，我崽有点发烧，闹一晚上。早上急急忙忙带她去退烧，上午睡了一会，中午又去做雾化，下午一直都在玩，五点多又开始睡，睡了一会，就醒了，一直想睡，可就是不睡，?展开全文c,[],[]
4.45606E+15,01月01日 23:14,吃米长大的二叶律,宿舍两个发烧的可怜宝贝，我和玉状态比较好一点。躺床上打个喷嚏她就给我泡了感冒灵，还给我吃了维生素软糖，葡萄味的太好吃啦。但是她倒太多水了一杯子递给我喝的我直打嗝嘎嘎嘎新年真快乐。?,[],[]
4.45606E+15,01月01日 22:49,锦带绿川怎无伤,应该是前年？去年？国庆，我发烧了，今年元旦，我感冒了，平时身体好的跟牛一样的人每天被病原体们包围也扛不住了……感冒真难受?,[],[]
4.45605E+15,01月01日 22:41,乌冬不是污咚,一回家就开始发烧感冒鼻炎真的太难了?,[],[]
4.45605E+15,01月01日 22:32,黑芝麻糊涂-,我为什么要在2019年最后一天和2020年第一天发烧我的年终总结都还没写呢呜呜呜???,[],[]
4.45605E+15,01月01日 22:24,MeiChen_阳,2020第一天就感冒发烧???脑壳疼～?,['https://ww1.sinaimg.cn/orj360/c4df3af8gy1gahfcky4m0j20i00i0adf.jpg'],[]
4.45605E+15,01月01日 22:19,思雅考完雅思来改名,#新年心愿#新年第一天发烧，不开心！没有办法喂奶，内疚自责?,['https://ww3.sinaimg.cn/orj360/006b4p3sgy1gahf9ni52ej31w02iob2a.jpg'],[]
4.45605E+15,01月01日 22:18,励志班二连陈霞,头晕发烧...这是什么人间疾苦2020求求您对我好点吧明天还要考试呢脑豁疼(*'へ'*)2吉安?,['https://ww1.sinaimg.cn/orj360/006RdF88gy1gahf8wpjjuj30c80c4dga.jpg'],[]
4.45606E+15,01月01日 23:07,攒着是因为想写成,新年的第一天我和他双双感冒发烧拉肚子真是绝了难受新的一年里别再感冒了?,[],[]
4.45605E+15,01月01日 22:27,坤坤Queeny,印象里上一次感冒发烧还是在我很小的时候，这一次流感看来很厉害，我居然感冒了，虽然有其它的因素存在，但是看样子我真得锻炼了?,[],[]
4.45606E+15,01月01日 22:46,Manjusaka丶昔年,新年第一天就感冒发烧挂点滴冷敷退烧，遭罪啊开年就这么不顺、还好你在。2青海省·海西蒙古族藏族自治州?,['https://ww4.sinaimg.cn/orj360/005vbYEJly1gahg1nferxj317i2m87wh.jpg'],[]
4.45605E+15,01月01日 22:38,小鱼没有猫咪,第一天就你妈发烧了太顶了cao?,"['https://ww4.sinaimg.cn/orj360/005YaSVDly1gahftr9u5cj30hs0gawii.jpg', 'https://ww1.sinaimg.cn/orj360/005YaSVDly1gahftw6dcyj30hs0lqmyq.jpg', 'https://ww2.sinaimg.cn/orj360/005YaSVDly1gahftvqp3tj30aw0a4dgo.jpg']",[]
4.45604E+15,01月01日 21:55,脆骨又嗜睡,2020第一天发烧???这一年怕是要红红火火！?,['https://ww4.sinaimg.cn/orj360/6f1d06ccly1gahel2o2syj20zl0k1agv.jpg'],[]
4.45586E+15,01月01日 10:07,oo喏,发烧跨年希望新年第一天烧退了也算是新年新开始?,['https://ww4.sinaimg.cn/orj360/005IRIGOly1gagu3lwsmbj30ec0g2gmv.jpg'],[]
4.45586E+15,01月01日 09:44,weiHongy_,2019以感冒发烧结束希望2020能好运爆棚新年快乐哦?,['https://ww4.sinaimg.cn/orj360/005SProgly1gagtfke07pj30yi0yi7ab.jpg'],[]
4.45585E+15,01月01日 09:15,十个海海,2019年年底连着两周加班，接着孩子发烧，再自己继续发烧，到了2020年的第一天，大姨妈又来了，果然2020年要开门红啊！?,[],[]
4.45607E+15,01月01日 23:54,我知道你的一切-yang,2020年第一天下午做志愿者在外面可能是冻着了回家一测体温就发烧了38.9吃了片布洛芬就睡觉捂汗睡了一觉出了一身汗做梦都是大明风华饿醒了起来觅食在看我女神测体温36.6这大体格子也不是白长的一开始还合计明天正常去住院部突然想到要跟师睡了睡了完美的又开始啦[米奇比心]?,"['https://ww1.sinaimg.cn/thumb150/9665c775ly1gahhtid2m7j21ds0n0x6q.jpg', 'https://ww3.sinaimg.cn/thumb150/9665c775ly1gahhsuuewqj23402c0e81.jpg']",[]
4.45607E+15,01月01日 23:28,美少女壮战士_shelly宇,#shelly的小日记##shelly的励志流水账#倒计时30/16培训的日子要过半了要过半了太棒了！这两天连续发烧，今天奖励了一顿好吃的是我期待已久的日料，其实也是误打误撞都到了这条街，看到了这家店，之前同学给我推过，我在小红薯的探店推文里也看到过。今天完全没刻意找，你说这不就是?展开全文c,['https://ww2.sinaimg.cn/orj360/006uLEFely1gahgwh4xxhj30u01hc4qq.jpg'],[]
4.45607E+15,01月01日 23:28,是玺陌啊,真的红红火火到发烧了,"['https://ww4.sinaimg.cn/thumb150/a477d4e9ly1gahhcwwdn8j22o82o8wrv.jpg', 'https://ww3.sinaimg.cn/thumb150/a477d4e9ly1gahhcx21inj217x0u0tc1.jpg']",[]
4.45607E+15,01月01日 23:23,哈尼酱紫_HONEY,#新年心愿#新年愿望目前来说就是感冒快好，发烧快退！期末考好2020的第一个晚上，38度，我也是很奈斯了?,['https://ww4.sinaimg.cn/orj360/006xCId8ly1gahh34k5rcj31430u0q7o.jpg'],[]
4.45606E+15,01月01日 23:16,珠珠球2011,在这19年的辞旧和20年的迎新中，我连续两天都在发烧，希望19的不如意从此时终止，2020年好运连连2大连?,['https://ww2.sinaimg.cn/orj360/82057c99ly1gahgxl64x5j22ao328b2f.jpg'],[]
4.45606E+15,01月01日 23:12,大肥兔几呀,发烧38.6的感觉真是不好折腾一天现在终于活过来了?,[],[]
4.45606E+15,01月01日 22:45,嘻嘻ying,万万没想到啊，2020年的第一天，我竟然是在嘻姐的反复发烧和熬半夜补笔记中度过的希望被新的一年温柔以待！??2四平·伊通满族自治县?,['https://ww1.sinaimg.cn/orj360/6e59c85aly1gahfyjzkpij20u0140772.jpg'],[]
4.45606E+15,01月01日 23:11,L___MJ,2020第一天就发烧感冒打喷嚏硬拽着老公出去吃了个鱼??希望接下来一年红红火火闷声发大财?,"['https://ww3.sinaimg.cn/thumb150/71dbb8b9ly1gahgqsroqaj21o02you0x.jpg', 'https://ww4.sinaimg.cn/thumb150/71dbb8b9ly1gahgowhv5aj21o02yob29.jpg']",[]
4.45606E+15,01月01日 23:07,就不吃饭啊,新年第一天就生理期加发烧太难受了啥他妈2020会对我好都是假的?,[],[]
4.45606E+15,01月01日 22:50,高梓超有篮儿,2020第一天发烧???感冒???,"['https://ww1.sinaimg.cn/thumb150/8d9d8799ly1gahg5b607tj21400u0gw7.jpg', 'https://ww3.sinaimg.cn/thumb150/8d9d8799ly1gahg5bsijmj21400u0ads.jpg', 'https://ww3.sinaimg.cn/thumb150/8d9d8799ly1gahg6i55h1g20c80a9tbf.jpg']",[]
4.45606E+15,01月01日 22:46,哈璐妹,别人的跨年自拍＋跨年电影＋狗狼我的跨年夜班＋发烧＋感冒?,"['https://ww4.sinaimg.cn/thumb150/006nASR0ly1gahg1bagyij30hs0hs0tv.jpg', 'https://ww3.sinaimg.cn/thumb150/006nASR0ly1gahg20accoj30hs0hsgms.jpg']",[]
4.45605E+15,01月01日 22:25,捏捏草莓,D1887，今天草莓吃坏了肚子，发烧呕吐没精神，我去奶奶家接她，可怜兮兮的软成一团，接回家睡了整整一下午，半中间起来和我说肚子不舒服，我给揉了揉，就又眯着睡着了，快6点钟醒来，起来就说妈妈我没事了，不难受了。谢天谢地你终于没事了?,['https://ww4.sinaimg.cn/orj360/6d0ec519ly1gahfgpk2v5j22c03407l8.jpg'],[]
4.45605E+15,01月01日 22:16,张佳丽吖,早上发烧晚上痛经希望新的一年大家都可以平平安安身体健康2晋城?,[],[]
4.45607E+15,01月01日 23:54,奥粒粒要上岸,19年于我而言也太不顺了叭～比如年末好不容易报了个面试培训班，结果老师连最基本的知识点都讲不对～比如跟我男朋友吵了无数次的假～比如工作停止不前～公考也没有上岸～可我觉得最坏的应该是在今年的本命年～新年第一天，就丢我独自一人面对男朋友爸爸，摔坏了自己的TF口红，还有好不容易回家却?展开全文c,"['https://ww1.sinaimg.cn/thumb150/006e8d1Ily1gahhwx54vyj30oi07b3yi.jpg', 'https://ww2.sinaimg.cn/thumb150/006e8d1Ily1gahhwy11g6j30yi0svn0m.jpg', 'https://ww1.sinaimg.cn/thumb150/006e8d1Ily1gahhwyi2h2j30ha0eit9w.jpg', 'https://ww4.sinaimg.cn/thumb150/006e8d1Ily1gahhwyvw9uj30k00qoach.jpg', 'https://ww4.sinaimg.cn/thumb150/006e8d1Ily1gahhx5drm8j30h10sgtbm.jpg', 'https://ww4.sinaimg.cn/thumb150/006e8d1Ily1gahhwzsb34j30c80c83z5.jpg']",[]
4.45606E+15,01月01日 22:43,帮我关一下月亮L,??年快乐??感觉一年一年无比的快今年又是以发烧结束了2019感恩2019年的一切??一年会比一年好吧???,[],[]
4.45605E+15,01月01日 22:16,Yang--诺诺,生日之于还买几张彩票，不知道明天会不会-_-||中个大奖啊！要不要给点好运气中个小奖也可以哦(?-ω-`)（贪心的寿星）就是宝贝感冒发烧了，我更希望的是宝贝和家人健健康康，平平安安，明天起来宝贝感冒好了?,['https://ww2.sinaimg.cn/orj360/6d632b9dly1gahf5tig8hj20u0140qan.jpg'],[]
4.45604E+15,01月01日 21:43,夏虫虫300,我免费围观了@宠物医生-姚海峰博士的回答，问题价值100.00元，快来一起免费围观~O微博问答?,[],[]
4.45604E+15,01月01日 21:40,我爱小鱼呢,新年第一天，加班到发烧，没时间出去洗头，回来还要自己洗，想大哭一场?,[],[]
4.45603E+15,01月01日 21:20,我是糖糖糖糖糖糖啊,出去喝了些酒，回来怂怂的赶紧洗了个澡。妈妈说我鼻音有些重，还有些发烧，让我吃药。可我又不敢给她说我今天喝酒了所以吃不成感冒药。于是在她的注视下，我吃下了感冒发烧的药。嗯……希望我还可以看到明天的太阳。?,['https://ww3.sinaimg.cn/orj360/007YR9PTly1gahdkkujwij30g40g4wgb.jpg'],[]
4.45607E+15,01月01日 23:48,七只兔子菇,发烧了?,[],[]
4.45607E+15,01月01日 23:47,小老虎GNIT,终于把自己折腾病了今天因为发烧耽误了别人的工作进度烦死了烦死了烦死了?,['https://ww3.sinaimg.cn/orj360/006fiZ8hgy1gahhsscldpj31o02807wj.jpg'],[]
4.45602E+15,01月01日 20:13,廉5L,感冒发烧不想吃药打针那就挺着别说难受?,[],[]
4.45602E+15,01月01日 20:11,FsquareGeGe,感冒发烧不想吃药打针那就挺着别说难受?,[],[]
4.45599E+15,01月01日 18:39,znN温瞳,感冒发烧不想吃药打针那就挺着别说难受?,[],[]
4.45598E+15,01月01日 17:52,啾咪个屁,发烧跨年希望本命年不要再这么卑微了我今天就出门买红色单品还不行吗冲tmd！！2英国·伦敦?,[],[]
